{"data":{"version":"s19.4","isRedirectEnable":"btrue","isAdsEnable":"btrue","AdsStyleMode_Baidu":"s0","AdsStyleMode_Google":"s0","isFaviconEnable":"btrue","defaultFaviconUrl":"shttps://ws1.sinaimg.cn/large/6a155794ly1foijtdzhxhj200w00wjr5.jpg","doDisableSug":"btrue","isRightDisplayEnable":"bfalse","isCounterEnable":"bfalse","isALineEnable":"bfalse","isUserStyleEnable":"btrue","UserStyleText":"s#content_right{\n    padding: 20px 15px 15px;\n    border-radius: 5px;\n    background-color: #fff;\n    box-sizing: border-box;\n    box-shadow: 0 0 20px 2px rgba(0, 0, 0, .1);\n    -webkit-box-shadow: 0 0 20px 2px rgba(0, 0, 0, .1);\n    -moz-box-shadow: 0 0 20px 2px rgba(0, 0, 0, .1);\n}"},"ts":1537145470395}