{"options":{"check_for_updates":true,"comment":null,"compatopts_for_requires":true,"compat_wrappedjsobject":false,"compat_metadata":false,"compat_foreach":false,"compat_arrayleft":false,"compat_uW_gmonkey":false,"compat_forvarin":false,"noframes":null,"awareOfChrome":false,"run_at":null,"override":{"use_includes":[],"orig_includes":[],"merge_includes":true,"use_matches":[],"orig_matches":["http://*.github.com/*","https://*.github.com/*"],"merge_matches":true,"use_excludes":[],"orig_excludes":[],"merge_excludes":true,"use_connects":[],"merge_connects":true,"use_blockers":[],"orig_run_at":"document-end","orig_noframes":null}},"settings":{"enabled":true,"position":4},"meta":{"name":"GitHub 汉化插件","uuid":"e184d9a8-a160-49ad-89a6-d333098e929c","modified":1536990736138,"file_url":"https://openuserjs.org/install/52cik/GitHub_%E6%B1%89%E5%8C%96%E6%8F%92%E4%BB%B6.user.js"}}