{"options":{"check_for_updates":true,"comment":null,"compatopts_for_requires":true,"compat_wrappedjsobject":false,"compat_metadata":false,"compat_foreach":false,"compat_arrayleft":false,"compat_uW_gmonkey":false,"compat_forvarin":false,"noframes":null,"awareOfChrome":false,"run_at":null,"override":{"use_includes":[],"orig_includes":[],"merge_includes":true,"use_matches":[],"orig_matches":["https://www.instagram.com/*","https://*.cdninstagram.com/*"],"merge_matches":true,"use_excludes":[],"orig_excludes":[],"merge_excludes":true,"use_connects":[],"merge_connects":true,"use_blockers":[],"orig_run_at":"document-idle","orig_noframes":null}},"settings":{"enabled":true,"position":1},"meta":{"name":"IG Helper: download Instagram pic & vids","uuid":"37ffc36d-3e8e-4197-ac73-04e3531b47ea","modified":1536990687209,"file_url":"https://greasyfork.org/scripts/22660-ig-helper-download-instagram-pic-vids/code/IG%20Helper:%20download%20Instagram%20pic%20%20vids.user.js"}}