{"options":{"awareOfChrome":false,"check_for_updates":true,"comment":null,"compat_arrayleft":false,"compat_foreach":false,"compat_forvarin":false,"compat_metadata":false,"compat_uW_gmonkey":false,"compat_wrappedjsobject":false,"compatopts_for_requires":true,"noframes":null,"override":{"merge_connects":true,"merge_excludes":true,"merge_includes":true,"merge_matches":true,"orig_excludes":[],"orig_includes":["*"],"orig_matches":[],"orig_noframes":null,"orig_run_at":"document-idle","use_blockers":[],"use_connects":["fanyi.youdao.com","dict.youdao.com"],"use_excludes":["/(^[^:\\/#\\?]*:\\/\\/([^#\\?\\/]*\\.)?yq\\.aliyun\\.com(:[0-9]{1,5})?\\/.*$)/","/(^[^:\\/#\\?]*:\\/\\/([^#\\?\\/]*\\.)?g\\.alicdn\\.com(:[0-9]{1,5})?\\/.*$)/"],"use_includes":[],"use_matches":[]},"run_at":null},"settings":{"enabled":true,"position":6},"meta":{"name":"youdaodict","uuid":"cbc33142-a150-4529-8bb2-b392999e713f","modified":1512362541603,"file_url":"https://greasyfork.org/scripts/12758-youdaodict/code/youdaodict.user.js"}}